1;<S>;( + - N f i n s t;0;1;54;0;0
2;<Exp>;( + - N f i n s t;0;1;56;0;0
3;<simexp>;( + - N f i n s t;0;1;58;0;0
4;<simterm>;( + - N f i n s t;0;1;60;0;0
5;<term>;+;0;0;62;0;0
6;<term>;-;0;0;64;0;0
7;<term>;(;0;0;66;0;0
8;<term>;n;0;0;69;0;0
9;<term>;i;0;0;71;0;0
10;<term>;N;0;0;72;0;0
11;<term>;t;0;0;73;0;0
12;<term>;f;0;0;74;0;0
13;<term>;s;0;1;75;0;0
14;<ident>;i;0;0;76;0;0
15;<ident>;i;0;0;77;0;0
16;<ident>;i;0;0;78;0;0
17;<ident>;i;0;1;79;0;0
18;<comid>;i;0;1;80;0;0
19;<idindx>;i;0;1;82;0;0
20;<listInd>;[;0;1;84;0;0
21;<callFunc>;i;0;1;88;0;0
22;<listExp>;( + - N f i n s t;0;1;92;0;0
23;<Rel>;=;0;0;94;0;0
24;<Rel>;!;0;1;95;0;0
25;<PLUSO>;+;0;0;96;0;0
26;<PLUSO>;-;0;0;97;0;0
27;<PLUSO>;O;0;1;98;0;0
28;<MULO>;A;0;0;99;0;0
29;<MULO>;*;0;0;100;0;0
30;<MULO>;/;0;0;101;0;0
31;<MULO>;m;0;0;102;0;0
32;<MULO>;d;0;1;103;0;0
33;<Exp'>;! =;0;1;104;0;0
34;<simexp'>;+ - O;0;1;107;0;0
35;<simterm'>;* / A d m;0;1;110;0;0
36;<Exp'1>;# ) , ];0;0;113;0;0
37;<Exp'1>;! =;0;1;114;0;0
38;<simexp'1>;! # ) , = ];0;0;115;0;0
39;<simexp'1>;+ - O;0;1;116;0;0
40;<simterm'1>;! # ) + , - = O ];0;0;117;0;0
41;<simterm'1>;* / A d m;0;1;118;0;0
42;<comid'>;! # ( ) * + , - / = A O [ ] d m;0;0;119;0;0
43;<comid'>;.;0;1;120;0;0
44;<listInd'>;! # ) * + , - / = A O ] d m;0;0;122;0;0
45;<listInd'>;[;0;1;123;0;0
46;<listExp'>;);0;0;124;0;0
47;<listExp'>;,;0;1;125;0;0
48;<Exp''>;# ) , ];0;0;127;0;0
49;<Exp''>;! =;0;1;128;0;0
50;<simexp''>;! # ) , = ];0;0;129;0;0
51;<simexp''>;+ - O;0;1;130;0;0
52;<simterm''>;! # ) + , - = O ];0;0;131;0;0
53;<simterm''>;* / A d m;0;1;132;0;0
54;<Exp>;( + - N f i n s t;0;1;2;1;0
55;#;#;1;1;NULL;0;1
56;<simexp>;( + - N f i n s t;0;1;3;1;0
57;<Exp'1>;# ) , ] ! =;0;1;36;0;0
58;<simterm>;( + - N f i n s t;0;1;4;1;0
59;<simexp'1>;! # ) , = ] + - O;0;1;38;0;0
60;<term>;+ - ( n i N t f s;0;1;5;1;0
61;<simterm'1>;! # ) + , - = O ] * / A d m;0;1;40;0;0
62;+;+;1;1;63;0;0
63;<term>;+ - ( n i N t f s;0;1;5;0;0
64;-;-;1;1;65;0;0
65;<term>;+ - ( n i N t f s;0;1;5;0;0
66;(;(;1;1;67;0;0
67;<Exp>;( + - N f i n s t;0;1;2;1;0
68;););1;1;NULL;0;0
69;n;n;1;1;70;0;0
70;<term>;+ - ( n i N t f s;0;1;5;0;0
71;<ident>;i i i i;0;1;14;0;0
72;N;N;1;1;NULL;0;0
73;t;t;1;1;NULL;0;0
74;f;f;1;1;NULL;0;0
75;s;s;1;1;NULL;0;0
76;i;i;1;1;NULL;0;0
77;<comid>;i;0;1;18;0;0
78;<idindx>;i;0;1;19;0;0
79;<callFunc>;i;0;1;21;0;0
80;i;i;1;1;81;0;0
81;<comid'>;! # ( ) * + , - / = A O [ ] d m .;0;1;42;0;0
82;<comid>;i;0;1;18;1;0
83;<listInd>;[;0;1;20;0;0
84;[;[;1;1;85;0;0
85;<Exp>;( + - N f i n s t;0;1;2;1;0
86;];];1;1;87;0;0
87;<listInd'>;! # ) * + , - / = A O ] d m [;0;1;44;0;0
88;<comid>;i;0;1;18;1;0
89;(;(;1;1;90;0;0
90;<listExp>;( + - N f i n s t;0;1;22;1;0
91;););1;1;NULL;0;0
92;<Exp>;( + - N f i n s t;0;1;2;1;0
93;<listExp'>;) ,;0;1;46;0;0
94;=;=;1;1;NULL;0;0
95;!=;!=;1;1;NULL;0;0
96;+;+;1;1;NULL;0;0
97;-;-;1;1;NULL;0;0
98;O;O;1;1;NULL;0;0
99;A;A;1;1;NULL;0;0
100;*;*;1;1;NULL;0;0
101;/;/;1;1;NULL;0;0
102;m;m;1;1;NULL;0;0
103;d;d;1;1;NULL;0;0
104;<Rel>;= !;0;1;23;1;0
105;<simexp>;( + - N f i n s t;0;1;3;1;0
106;<Exp''>;# ) , ] ! =;0;1;48;0;0
107;<PLUSO>;+ - O;0;1;25;1;0
108;<simterm>;( + - N f i n s t;0;1;4;1;0
109;<simexp''>;! # ) , = ] + - O;0;1;50;0;0
110;<MULO>;A * / m d;0;1;28;1;0
111;<term>;+ - ( n i N t f s;0;1;5;1;0
112;<simterm''>;! # ) + , - = O ] * / A d m;0;1;52;0;0
113;e;# ) , ];0;1;NULL;0;0
114;<Exp'>;! =;0;1;33;0;0
115;e;! # ) , = ];0;1;NULL;0;0
116;<simexp'>;+ - O;0;1;34;0;0
117;e;! # ) + , - = O ];0;1;NULL;0;0
118;<simterm'>;* / A d m;0;1;35;0;0
119;e;! # ( ) * + , - / = A O [ ] d m;0;1;NULL;0;0
120;.;.;1;1;121;0;0
121;<comid>;i;0;1;18;0;0
122;e;! # ) * + , - / = A O ] d m;0;1;NULL;0;0
123;<listInd>;[;0;1;20;0;0
124;e;);0;1;NULL;0;0
125;,;,;1;1;126;0;0
126;<listExp>;( + - N f i n s t;0;1;22;0;0
127;e;# ) , ];0;1;NULL;0;0
128;<Exp'>;! =;0;1;33;0;0
129;e;! # ) , = ];0;1;NULL;0;0
130;<simexp'>;+ - O;0;1;34;0;0
131;e;! # ) + , - = O ];0;1;NULL;0;0
132;<simterm'>;* / A d m;0;1;35;0;0
